use Ninitas_y_ninitas
go
--****************************************************************************************
insert into Asistencias values('2019-3-1 09:04:58','MT01')
go
insert into Ingreso values('2019-3-1 09:04:58','T','I','T1')
go
insert into Asistencias values('2019-3-1 13:35:58','MT01')
go
insert into Salida values('2019-3-1 13:35:58')
go
insert into Asistencias values('2019-3-4 07:52:08','MT01')
go
insert into Ingreso values('2019-3-4 07:52:08','P','-','T1')
go
insert into Asistencias values('2019-3-4 14:56:08','MT01')
go
insert into Salida values('2019-3-4 14:56:08')
go
insert into Asistencias values('2019-3-6 09:51:33','MT01')
go
insert into Ingreso values('2019-3-6 09:51:33','T','J','T1')
go
insert into Asistencias values('2019-3-6 13:04:33','MT01')
go
insert into Salida values('2019-3-6 13:04:33')
go
insert into Asistencias values('2019-3-8 09:34:52','MT01')
go
insert into Ingreso values('2019-3-8 09:34:52','T','I','T1')
go
insert into Asistencias values('2019-3-8 13:08:52','MT01')
go
insert into Salida values('2019-3-8 13:08:52')
go
insert into Asistencias values('2019-3-11 07:57:29','MT01')
go
insert into Ingreso values('2019-3-11 07:57:29','P','-','T1')
go
insert into Asistencias values('2019-3-11 13:20:29','MT01')
go
insert into Salida values('2019-3-11 13:20:29')
go
insert into Asistencias values('2019-3-12 07:36:08','MT01')
go
insert into Ingreso values('2019-3-12 07:36:08','P','-','T1')
go
insert into Asistencias values('2019-3-12 14:36:08','MT01')
go
insert into Salida values('2019-3-12 14:36:08')
go
insert into Asistencias values('2019-3-14 09:25:54','MT01')
go
insert into Ingreso values('2019-3-14 09:25:54','T','J','T1')
go
insert into Asistencias values('2019-3-14 14:40:54','MT01')
go
insert into Salida values('2019-3-14 14:40:54')
go
insert into Asistencias values('2019-3-15 09:57:43','MT01')
go
insert into Ingreso values('2019-3-15 09:57:43','T','J','T1')
go
insert into Asistencias values('2019-3-15 13:47:43','MT01')
go
insert into Salida values('2019-3-15 13:47:43')
go
insert into Asistencias values('2019-3-18 07:13:26','MT01')
go
insert into Ingreso values('2019-3-18 07:13:26','P','-','T1')
go
insert into Asistencias values('2019-3-18 13:18:26','MT01')
go
insert into Salida values('2019-3-18 13:18:26')
go
insert into Asistencias values('2019-3-19 09:50:17','MT01')
go
insert into Ingreso values('2019-3-19 09:50:17','T','I','T1')
go
insert into Asistencias values('2019-3-19 14:20:17','MT01')
go
insert into Salida values('2019-3-19 14:20:17')
go
insert into Asistencias values('2019-3-20 09:15:03','MT01')
go
insert into Ingreso values('2019-3-20 09:15:03','T','I','T1')
go
insert into Asistencias values('2019-3-20 13:03:03','MT01')
go
insert into Salida values('2019-3-20 13:03:03')
go
insert into Asistencias values('2019-3-21 09:32:29','MT01')
go
insert into Ingreso values('2019-3-21 09:32:29','T','J','T1')
go
insert into Asistencias values('2019-3-21 13:27:29','MT01')
go
insert into Salida values('2019-3-21 13:27:29')
go
insert into Asistencias values('2019-3-22 09:40:54','MT01')
go
insert into Ingreso values('2019-3-22 09:40:54','T','J','T1')
go
insert into Asistencias values('2019-3-22 14:21:54','MT01')
go
insert into Salida values('2019-3-22 14:21:54')
go
insert into Asistencias values('2019-3-25 07:24:10','MT01')
go
insert into Ingreso values('2019-3-25 07:24:10','P','-','T1')
go
insert into Asistencias values('2019-3-25 13:05:10','MT01')
go
insert into Salida values('2019-3-25 13:05:10')
go
insert into Asistencias values('2019-3-26 09:52:18','MT01')
go
insert into Ingreso values('2019-3-26 09:52:18','T','J','T1')
go
insert into Asistencias values('2019-3-26 14:30:18','MT01')
go
insert into Salida values('2019-3-26 14:30:18')
go
insert into Asistencias values('2019-3-27 09:37:41','MT01')
go
insert into Ingreso values('2019-3-27 09:37:41','T','I','T1')
go
insert into Asistencias values('2019-3-27 14:59:41','MT01')
go
insert into Salida values('2019-3-27 14:59:41')
go
insert into Asistencias values('2019-3-28 07:43:15','MT01')
go
insert into Ingreso values('2019-3-28 07:43:15','P','-','T1')
go
insert into Asistencias values('2019-3-28 13:33:15','MT01')
go
insert into Salida values('2019-3-28 13:33:15')
go
insert into Asistencias values('2019-3-29 09:24:38','MT01')
go
insert into Ingreso values('2019-3-29 09:24:38','T','J','T1')
go
insert into Asistencias values('2019-3-29 14:29:38','MT01')
go
insert into Salida values('2019-3-29 14:29:38')
go
insert into Asistencias values('2019-4-1 09:38:59','MT01')
go
insert into Ingreso values('2019-4-1 09:38:59','T','I','T1')
go
insert into Asistencias values('2019-4-1 14:39:59','MT01')
go
insert into Salida values('2019-4-1 14:39:59')
go
insert into Asistencias values('2019-4-2 08:32:22','MT01')
go
insert into Ingreso values('2019-4-2 08:32:22','T','I','T1')
go
insert into Asistencias values('2019-4-2 13:42:22','MT01')
go
insert into Salida values('2019-4-2 13:42:22')
go
insert into Asistencias values('2019-4-3 07:33:07','MT01')
go
insert into Ingreso values('2019-4-3 07:33:07','P','-','T1')
go
insert into Asistencias values('2019-4-3 14:10:07','MT01')
go
insert into Salida values('2019-4-3 14:10:07')
go
insert into Asistencias values('2019-4-4 09:25:57','MT01')
go
insert into Ingreso values('2019-4-4 09:25:57','T','J','T1')
go
insert into Asistencias values('2019-4-4 14:03:57','MT01')
go
insert into Salida values('2019-4-4 14:03:57')
go
insert into Asistencias values('2019-4-5 08:36:01','MT01')
go
insert into Ingreso values('2019-4-5 08:36:01','T','I','T1')
go
insert into Asistencias values('2019-4-5 14:13:01','MT01')
go
insert into Salida values('2019-4-5 14:13:01')
go
insert into Asistencias values('2019-4-9 08:42:27','MT01')
go
insert into Ingreso values('2019-4-9 08:42:27','T','J','T1')
go
insert into Asistencias values('2019-4-9 13:27:27','MT01')
go
insert into Salida values('2019-4-9 13:27:27')
go
insert into Asistencias values('2019-4-10 07:01:27','MT01')
go
insert into Ingreso values('2019-4-10 07:01:27','P','-','T1')
go
insert into Asistencias values('2019-4-10 14:22:27','MT01')
go
insert into Salida values('2019-4-10 14:22:27')
go
insert into Asistencias values('2019-4-12 08:13:24','MT01')
go
insert into Ingreso values('2019-4-12 08:13:24','T','J','T1')
go
insert into Asistencias values('2019-4-12 14:37:24','MT01')
go
insert into Salida values('2019-4-12 14:37:24')
go
insert into Asistencias values('2019-4-15 08:24:05','MT01')
go
insert into Ingreso values('2019-4-15 08:24:05','T','I','T1')
go
insert into Asistencias values('2019-4-15 13:15:05','MT01')
go
insert into Salida values('2019-4-15 13:15:05')
go
insert into Asistencias values('2019-4-16 07:38:32','MT01')
go
insert into Ingreso values('2019-4-16 07:38:32','P','-','T1')
go
insert into Asistencias values('2019-4-16 13:48:32','MT01')
go
insert into Salida values('2019-4-16 13:48:32')
go
insert into Asistencias values('2019-4-17 09:25:28','MT01')
go
insert into Ingreso values('2019-4-17 09:25:28','T','J','T1')
go
insert into Asistencias values('2019-4-17 13:31:28','MT01')
go
insert into Salida values('2019-4-17 13:31:28')
go
insert into Asistencias values('2019-4-22 07:17:05','MT01')
go
insert into Ingreso values('2019-4-22 07:17:05','P','-','T1')
go
insert into Asistencias values('2019-4-22 14:07:05','MT01')
go
insert into Salida values('2019-4-22 14:07:05')
go
insert into Asistencias values('2019-4-23 09:52:03','MT01')
go
insert into Ingreso values('2019-4-23 09:52:03','T','I','T1')
go
insert into Asistencias values('2019-4-23 14:44:03','MT01')
go
insert into Salida values('2019-4-23 14:44:03')
go
insert into Asistencias values('2019-4-24 09:49:16','MT01')
go
insert into Ingreso values('2019-4-24 09:49:16','T','I','T1')
go
insert into Asistencias values('2019-4-24 14:59:16','MT01')
go
insert into Salida values('2019-4-24 14:59:16')
go
insert into Asistencias values('2019-4-25 09:47:19','MT01')
go
insert into Ingreso values('2019-4-25 09:47:19','T','J','T1')
go
insert into Asistencias values('2019-4-25 13:22:19','MT01')
go
insert into Salida values('2019-4-25 13:22:19')
go
insert into Asistencias values('2019-4-26 08:38:41','MT01')
go
insert into Ingreso values('2019-4-26 08:38:41','T','I','T1')
go
insert into Asistencias values('2019-4-26 13:48:41','MT01')
go
insert into Salida values('2019-4-26 13:48:41')
go
insert into Asistencias values('2019-4-29 08:27:51','MT01')
go
insert into Ingreso values('2019-4-29 08:27:51','T','I','T1')
go
insert into Asistencias values('2019-4-29 13:45:51','MT01')
go
insert into Salida values('2019-4-29 13:45:51')
go
insert into Asistencias values('2019-5-2 07:55:01','MT01')
go
insert into Ingreso values('2019-5-2 07:55:01','P','-','T1')
go
insert into Asistencias values('2019-5-2 13:02:01','MT01')
go
insert into Salida values('2019-5-2 13:02:01')
go
insert into Asistencias values('2019-5-3 09:09:33','MT01')
go
insert into Ingreso values('2019-5-3 09:09:33','T','I','T1')
go
insert into Asistencias values('2019-5-3 13:51:33','MT01')
go
insert into Salida values('2019-5-3 13:51:33')
go
insert into Asistencias values('2019-5-6 09:55:43','MT01')
go
insert into Ingreso values('2019-5-6 09:55:43','T','I','T1')
go
insert into Asistencias values('2019-5-6 13:20:43','MT01')
go
insert into Salida values('2019-5-6 13:20:43')
go
insert into Asistencias values('2019-5-7 08:10:58','MT01')
go
insert into Ingreso values('2019-5-7 08:10:58','T','I','T1')
go
insert into Asistencias values('2019-5-7 13:53:58','MT01')
go
insert into Salida values('2019-5-7 13:53:58')
go
insert into Asistencias values('2019-5-8 07:46:21','MT01')
go
insert into Ingreso values('2019-5-8 07:46:21','P','-','T1')
go
insert into Asistencias values('2019-5-8 14:51:21','MT01')
go
insert into Salida values('2019-5-8 14:51:21')
go
insert into Asistencias values('2019-5-9 08:06:51','MT01')
go
insert into Ingreso values('2019-5-9 08:06:51','T','J','T1')
go
insert into Asistencias values('2019-5-9 14:27:51','MT01')
go
insert into Salida values('2019-5-9 14:27:51')
go
insert into Asistencias values('2019-5-10 08:31:05','MT01')
go
insert into Ingreso values('2019-5-10 08:31:05','T','I','T1')
go
insert into Asistencias values('2019-5-10 14:31:05','MT01')
go
insert into Salida values('2019-5-10 14:31:05')
go
insert into Asistencias values('2019-5-13 08:59:09','MT01')
go
insert into Ingreso values('2019-5-13 08:59:09','T','I','T1')
go
insert into Asistencias values('2019-5-13 13:09:09','MT01')
go
insert into Salida values('2019-5-13 13:09:09')
go
insert into Asistencias values('2019-5-14 07:59:21','MT01')
go
insert into Ingreso values('2019-5-14 07:59:21','P','-','T1')
go
insert into Asistencias values('2019-5-14 13:00:21','MT01')
go
insert into Salida values('2019-5-14 13:00:21')
go
insert into Asistencias values('2019-5-15 08:27:12','MT01')
go
insert into Ingreso values('2019-5-15 08:27:12','T','I','T1')
go
insert into Asistencias values('2019-5-15 14:01:12','MT01')
go
insert into Salida values('2019-5-15 14:01:12')
go
insert into Asistencias values('2019-5-16 07:33:47','MT01')
go
insert into Ingreso values('2019-5-16 07:33:47','P','-','T1')
go
insert into Asistencias values('2019-5-16 13:47:47','MT01')
go
insert into Salida values('2019-5-16 13:47:47')
go
insert into Asistencias values('2019-5-17 07:48:54','MT01')
go
insert into Ingreso values('2019-5-17 07:48:54','P','-','T1')
go
insert into Asistencias values('2019-5-17 14:09:54','MT01')
go
insert into Salida values('2019-5-17 14:09:54')
go
insert into Asistencias values('2019-5-20 09:33:45','MT01')
go
insert into Ingreso values('2019-5-20 09:33:45','T','J','T1')
go
insert into Asistencias values('2019-5-20 14:45:45','MT01')
go
insert into Salida values('2019-5-20 14:45:45')
go
insert into Asistencias values('2019-5-21 08:42:13','MT01')
go
insert into Ingreso values('2019-5-21 08:42:13','T','J','T1')
go
insert into Asistencias values('2019-5-21 13:13:13','MT01')
go
insert into Salida values('2019-5-21 13:13:13')
go
insert into Asistencias values('2019-5-22 08:26:29','MT01')
go
insert into Ingreso values('2019-5-22 08:26:29','T','I','T1')
go
insert into Asistencias values('2019-5-22 14:47:29','MT01')
go
insert into Salida values('2019-5-22 14:47:29')
go
insert into Asistencias values('2019-5-23 07:58:30','MT01')
go
insert into Ingreso values('2019-5-23 07:58:30','P','-','T1')
go
insert into Asistencias values('2019-5-23 13:35:30','MT01')
go
insert into Salida values('2019-5-23 13:35:30')
go
insert into Asistencias values('2019-5-24 09:49:38','MT01')
go
insert into Ingreso values('2019-5-24 09:49:38','T','J','T1')
go
insert into Asistencias values('2019-5-24 14:40:38','MT01')
go
insert into Salida values('2019-5-24 14:40:38')
go
insert into Asistencias values('2019-5-27 09:21:34','MT01')
go
insert into Ingreso values('2019-5-27 09:21:34','T','I','T1')
go
insert into Asistencias values('2019-5-27 13:15:34','MT01')
go
insert into Salida values('2019-5-27 13:15:34')
go
insert into Asistencias values('2019-5-28 09:05:58','MT01')
go
insert into Ingreso values('2019-5-28 09:05:58','T','J','T1')
go
insert into Asistencias values('2019-5-28 14:34:58','MT01')
go
insert into Salida values('2019-5-28 14:34:58')
go
insert into Asistencias values('2019-5-29 09:41:39','MT01')
go
insert into Ingreso values('2019-5-29 09:41:39','T','I','T1')
go
insert into Asistencias values('2019-5-29 13:36:39','MT01')
go
insert into Salida values('2019-5-29 13:36:39')
go
insert into Asistencias values('2019-5-30 08:33:58','MT01')
go
insert into Ingreso values('2019-5-30 08:33:58','T','J','T1')
go
insert into Asistencias values('2019-5-30 14:33:58','MT01')
go
insert into Salida values('2019-5-30 14:33:58')
go
insert into Asistencias values('2019-5-31 07:39:27','MT01')
go
insert into Ingreso values('2019-5-31 07:39:27','P','-','T1')
go
insert into Asistencias values('2019-5-31 14:51:27','MT01')
go
insert into Salida values('2019-5-31 14:51:27')
go
insert into Asistencias values('2019-6-3 07:22:02','MT01')
go
insert into Ingreso values('2019-6-3 07:22:02','P','-','T2')
go
insert into Asistencias values('2019-6-3 14:05:02','MT01')
go
insert into Salida values('2019-6-3 14:05:02')
go
insert into Asistencias values('2019-6-4 08:14:29','MT01')
go
insert into Ingreso values('2019-6-4 08:14:29','T','J','T2')
go
insert into Asistencias values('2019-6-4 14:57:29','MT01')
go
insert into Salida values('2019-6-4 14:57:29')
go
insert into Asistencias values('2019-6-5 09:46:35','MT01')
go
insert into Ingreso values('2019-6-5 09:46:35','T','J','T2')
go
insert into Asistencias values('2019-6-5 14:15:35','MT01')
go
insert into Salida values('2019-6-5 14:15:35')
go
insert into Asistencias values('2019-6-6 09:27:39','MT01')
go
insert into Ingreso values('2019-6-6 09:27:39','T','I','T2')
go
insert into Asistencias values('2019-6-6 13:37:39','MT01')
go
insert into Salida values('2019-6-6 13:37:39')
go
insert into Asistencias values('2019-6-7 09:21:48','MT01')
go
insert into Ingreso values('2019-6-7 09:21:48','T','J','T2')
go
insert into Asistencias values('2019-6-7 13:04:48','MT01')
go
insert into Salida values('2019-6-7 13:04:48')
go
insert into Asistencias values('2019-6-10 08:26:13','MT01')
go
insert into Ingreso values('2019-6-10 08:26:13','T','J','T2')
go
insert into Asistencias values('2019-6-10 13:20:13','MT01')
go
insert into Salida values('2019-6-10 13:20:13')
go
insert into Asistencias values('2019-6-11 07:34:15','MT01')
go
insert into Ingreso values('2019-6-11 07:34:15','P','-','T2')
go
insert into Asistencias values('2019-6-11 13:06:15','MT01')
go
insert into Salida values('2019-6-11 13:06:15')
go
insert into Asistencias values('2019-6-13 09:04:21','MT01')
go
insert into Ingreso values('2019-6-13 09:04:21','T','I','T2')
go
insert into Asistencias values('2019-6-13 13:01:21','MT01')
go
insert into Salida values('2019-6-13 13:01:21')
go
insert into Asistencias values('2019-6-17 09:51:13','MT01')
go
insert into Ingreso values('2019-6-17 09:51:13','T','I','T2')
go
insert into Asistencias values('2019-6-17 13:56:13','MT01')
go
insert into Salida values('2019-6-17 13:56:13')
go
insert into Asistencias values('2019-6-18 09:52:21','MT01')
go
insert into Ingreso values('2019-6-18 09:52:21','T','J','T2')
go
insert into Asistencias values('2019-6-18 14:48:21','MT01')
go
insert into Salida values('2019-6-18 14:48:21')
go
insert into Asistencias values('2019-6-19 07:30:54','MT01')
go
insert into Ingreso values('2019-6-19 07:30:54','P','-','T2')
go
insert into Asistencias values('2019-6-19 13:37:54','MT01')
go
insert into Salida values('2019-6-19 13:37:54')
go
insert into Asistencias values('2019-6-20 09:23:55','MT01')
go
insert into Ingreso values('2019-6-20 09:23:55','T','I','T2')
go
insert into Asistencias values('2019-6-20 14:50:55','MT01')
go
insert into Salida values('2019-6-20 14:50:55')
go
insert into Asistencias values('2019-6-24 08:44:33','MT01')
go
insert into Ingreso values('2019-6-24 08:44:33','T','I','T2')
go
insert into Asistencias values('2019-6-24 13:01:33','MT01')
go
insert into Salida values('2019-6-24 13:01:33')
go
insert into Asistencias values('2019-6-25 08:05:45','MT01')
go
insert into Ingreso values('2019-6-25 08:05:45','T','I','T2')
go
insert into Asistencias values('2019-6-25 14:13:45','MT01')
go
insert into Salida values('2019-6-25 14:13:45')
go
insert into Asistencias values('2019-6-26 08:23:38','MT01')
go
insert into Ingreso values('2019-6-26 08:23:38','T','I','T2')
go
insert into Asistencias values('2019-6-26 13:51:38','MT01')
go
insert into Salida values('2019-6-26 13:51:38')
go
insert into Asistencias values('2019-6-27 07:53:18','MT01')
go
insert into Ingreso values('2019-6-27 07:53:18','P','-','T2')
go
insert into Asistencias values('2019-6-27 13:10:18','MT01')
go
insert into Salida values('2019-6-27 13:10:18')
go
insert into Asistencias values('2019-6-28 08:03:39','MT01')
go
insert into Ingreso values('2019-6-28 08:03:39','T','J','T2')
go
insert into Asistencias values('2019-6-28 13:11:39','MT01')
go
insert into Salida values('2019-6-28 13:11:39')
go
insert into Asistencias values('2019-7-1 09:25:09','MT01')
go
insert into Ingreso values('2019-7-1 09:25:09','T','I','T2')
go
insert into Asistencias values('2019-7-1 14:47:09','MT01')
go
insert into Salida values('2019-7-1 14:47:09')
go
insert into Asistencias values('2019-7-2 07:49:39','MT01')
go
insert into Ingreso values('2019-7-2 07:49:39','P','-','T2')
go
insert into Asistencias values('2019-7-2 14:34:39','MT01')
go
insert into Salida values('2019-7-2 14:34:39')
go
insert into Asistencias values('2019-7-3 09:50:38','MT01')
go
insert into Ingreso values('2019-7-3 09:50:38','T','J','T2')
go
insert into Asistencias values('2019-7-3 14:53:38','MT01')
go
insert into Salida values('2019-7-3 14:53:38')
go
insert into Asistencias values('2019-7-4 07:13:58','MT01')
go
insert into Ingreso values('2019-7-4 07:13:58','P','-','T2')
go
insert into Asistencias values('2019-7-4 14:18:58','MT01')
go
insert into Salida values('2019-7-4 14:18:58')
go
insert into Asistencias values('2019-7-5 09:14:22','MT01')
go
insert into Ingreso values('2019-7-5 09:14:22','T','I','T2')
go
insert into Asistencias values('2019-7-5 14:22:22','MT01')
go
insert into Salida values('2019-7-5 14:22:22')
go
insert into Asistencias values('2019-7-8 08:20:34','MT01')
go
insert into Ingreso values('2019-7-8 08:20:34','T','I','T2')
go
insert into Asistencias values('2019-7-8 13:15:34','MT01')
go
insert into Salida values('2019-7-8 13:15:34')
go
insert into Asistencias values('2019-7-9 08:12:32','MT01')
go
insert into Ingreso values('2019-7-9 08:12:32','T','J','T2')
go
insert into Asistencias values('2019-7-9 13:08:32','MT01')
go
insert into Salida values('2019-7-9 13:08:32')
go
insert into Asistencias values('2019-7-10 08:54:32','MT01')
go
insert into Ingreso values('2019-7-10 08:54:32','T','I','T2')
go
insert into Asistencias values('2019-7-10 13:26:32','MT01')
go
insert into Salida values('2019-7-10 13:26:32')
go
insert into Asistencias values('2019-7-11 08:46:12','MT01')
go
insert into Ingreso values('2019-7-11 08:46:12','T','I','T2')
go
insert into Asistencias values('2019-7-11 14:38:12','MT01')
go
insert into Salida values('2019-7-11 14:38:12')
go
insert into Asistencias values('2019-7-12 08:29:07','MT01')
go
insert into Ingreso values('2019-7-12 08:29:07','T','I','T2')
go
insert into Asistencias values('2019-7-12 13:07:07','MT01')
go
insert into Salida values('2019-7-12 13:07:07')
go
insert into Asistencias values('2019-7-15 09:52:10','MT01')
go
insert into Ingreso values('2019-7-15 09:52:10','T','J','T2')
go
insert into Asistencias values('2019-7-15 13:54:10','MT01')
go
insert into Salida values('2019-7-15 13:54:10')
go
insert into Asistencias values('2019-7-16 09:32:01','MT01')
go
insert into Ingreso values('2019-7-16 09:32:01','T','I','T2')
go
insert into Asistencias values('2019-7-16 14:06:01','MT01')
go
insert into Salida values('2019-7-16 14:06:01')
go
insert into Asistencias values('2019-7-17 07:02:40','MT01')
go
insert into Ingreso values('2019-7-17 07:02:40','P','-','T2')
go
insert into Asistencias values('2019-7-17 13:38:40','MT01')
go
insert into Salida values('2019-7-17 13:38:40')
go
insert into Asistencias values('2019-7-18 09:46:48','MT01')
go
insert into Ingreso values('2019-7-18 09:46:48','T','J','T2')
go
insert into Asistencias values('2019-7-18 14:12:48','MT01')
go
insert into Salida values('2019-7-18 14:12:48')
go
insert into Asistencias values('2019-7-19 09:46:35','MT01')
go
insert into Ingreso values('2019-7-19 09:46:35','T','J','T2')
go
insert into Asistencias values('2019-7-19 14:34:35','MT01')
go
insert into Salida values('2019-7-19 14:34:35')
go
insert into Asistencias values('2019-7-22 07:54:52','MT01')
go
insert into Ingreso values('2019-7-22 07:54:52','P','-','T2')
go
insert into Asistencias values('2019-7-22 14:52:52','MT01')
go
insert into Salida values('2019-7-22 14:52:52')
go
insert into Asistencias values('2019-7-23 08:16:29','MT01')
go
insert into Ingreso values('2019-7-23 08:16:29','T','J','T2')
go
insert into Asistencias values('2019-7-23 13:30:29','MT01')
go
insert into Salida values('2019-7-23 13:30:29')
go
insert into Asistencias values('2019-7-24 08:07:58','MT01')
go
insert into Ingreso values('2019-7-24 08:07:58','T','I','T2')
go
insert into Asistencias values('2019-7-24 14:16:58','MT01')
go
insert into Salida values('2019-7-24 14:16:58')
go
insert into Asistencias values('2019-7-25 07:15:51','MT01')
go
insert into Ingreso values('2019-7-25 07:15:51','P','-','T2')
go
insert into Asistencias values('2019-7-25 13:10:51','MT01')
go
insert into Salida values('2019-7-25 13:10:51')
go
insert into Asistencias values('2019-7-31 07:01:49','MT01')
go
insert into Ingreso values('2019-7-31 07:01:49','P','-','T2')
go
insert into Asistencias values('2019-7-31 14:00:49','MT01')
go
insert into Salida values('2019-7-31 14:00:49')
go
insert into Asistencias values('2019-8-1 07:58:22','MT01')
go
insert into Ingreso values('2019-8-1 07:58:22','P','-','T2')
go
insert into Asistencias values('2019-8-1 13:01:22','MT01')
go
insert into Salida values('2019-8-1 13:01:22')
go
insert into Asistencias values('2019-8-2 09:12:31','MT01')
go
insert into Ingreso values('2019-8-2 09:12:31','T','I','T2')
go
insert into Asistencias values('2019-8-2 13:17:31','MT01')
go
insert into Salida values('2019-8-2 13:17:31')
go
insert into Asistencias values('2019-8-5 08:37:20','MT01')
go
insert into Ingreso values('2019-8-5 08:37:20','T','I','T2')
go
insert into Asistencias values('2019-8-5 14:51:20','MT01')
go
insert into Salida values('2019-8-5 14:51:20')
go
insert into Asistencias values('2019-8-6 07:09:04','MT01')
go
insert into Ingreso values('2019-8-6 07:09:04','P','-','T2')
go
insert into Asistencias values('2019-8-6 13:21:04','MT01')
go
insert into Salida values('2019-8-6 13:21:04')
go
insert into Asistencias values('2019-8-7 08:53:48','MT01')
go
insert into Ingreso values('2019-8-7 08:53:48','T','I','T2')
go
insert into Asistencias values('2019-8-7 13:50:48','MT01')
go
insert into Salida values('2019-8-7 13:50:48')
go
insert into Asistencias values('2019-8-8 08:39:30','MT01')
go
insert into Ingreso values('2019-8-8 08:39:30','T','J','T2')
go
insert into Asistencias values('2019-8-8 13:50:30','MT01')
go
insert into Salida values('2019-8-8 13:50:30')
go
insert into Asistencias values('2019-8-12 07:44:08','MT01')
go
insert into Ingreso values('2019-8-12 07:44:08','P','-','T2')
go
insert into Asistencias values('2019-8-12 14:33:08','MT01')
go
insert into Salida values('2019-8-12 14:33:08')
go
insert into Asistencias values('2019-8-13 08:58:01','MT01')
go
insert into Ingreso values('2019-8-13 08:58:01','T','I','T2')
go
insert into Asistencias values('2019-8-13 14:10:01','MT01')
go
insert into Salida values('2019-8-13 14:10:01')
go
insert into Asistencias values('2019-8-14 09:37:33','MT01')
go
insert into Ingreso values('2019-8-14 09:37:33','T','I','T2')
go
insert into Asistencias values('2019-8-14 14:58:33','MT01')
go
insert into Salida values('2019-8-14 14:58:33')
go
insert into Asistencias values('2019-8-15 08:03:41','MT01')
go
insert into Ingreso values('2019-8-15 08:03:41','T','I','T2')
go
insert into Asistencias values('2019-8-15 13:09:41','MT01')
go
insert into Salida values('2019-8-15 13:09:41')
go
insert into Asistencias values('2019-8-16 09:42:29','MT01')
go
insert into Ingreso values('2019-8-16 09:42:29','T','I','T2')
go
insert into Asistencias values('2019-8-16 13:21:29','MT01')
go
insert into Salida values('2019-8-16 13:21:29')
go
insert into Asistencias values('2019-8-19 07:52:25','MT01')
go
insert into Ingreso values('2019-8-19 07:52:25','P','-','T2')
go
insert into Asistencias values('2019-8-19 14:34:25','MT01')
go
insert into Salida values('2019-8-19 14:34:25')
go
insert into Asistencias values('2019-8-21 07:35:28','MT01')
go
insert into Ingreso values('2019-8-21 07:35:28','P','-','T2')
go
insert into Asistencias values('2019-8-21 14:10:28','MT01')
go
insert into Salida values('2019-8-21 14:10:28')
go
insert into Asistencias values('2019-8-22 08:08:43','MT01')
go
insert into Ingreso values('2019-8-22 08:08:43','T','J','T2')
go
insert into Asistencias values('2019-8-22 14:35:43','MT01')
go
insert into Salida values('2019-8-22 14:35:43')
go
insert into Asistencias values('2019-8-23 08:39:50','MT01')
go
insert into Ingreso values('2019-8-23 08:39:50','T','I','T2')
go
insert into Asistencias values('2019-8-23 14:43:50','MT01')
go
insert into Salida values('2019-8-23 14:43:50')
go
insert into Asistencias values('2019-8-26 09:20:41','MT01')
go
insert into Ingreso values('2019-8-26 09:20:41','T','J','T2')
go
insert into Asistencias values('2019-8-26 13:29:41','MT01')
go
insert into Salida values('2019-8-26 13:29:41')
go
insert into Asistencias values('2019-8-27 07:38:55','MT01')
go
insert into Ingreso values('2019-8-27 07:38:55','P','-','T2')
go
insert into Asistencias values('2019-8-27 13:12:55','MT01')
go
insert into Salida values('2019-8-27 13:12:55')
go
insert into Asistencias values('2019-8-28 07:59:36','MT01')
go
insert into Ingreso values('2019-8-28 07:59:36','P','-','T2')
go
insert into Asistencias values('2019-8-28 14:53:36','MT01')
go
insert into Salida values('2019-8-28 14:53:36')
go
insert into Asistencias values('2019-9-1 09:22:03','MT01')
go
insert into Ingreso values('2019-9-1 09:22:03','T','I','T3')
go
insert into Asistencias values('2019-9-1 14:50:03','MT01')
go
insert into Salida values('2019-9-1 14:50:03')
go
insert into Asistencias values('2019-9-2 08:39:05','MT01')
go
insert into Ingreso values('2019-9-2 08:39:05','T','I','T3')
go
insert into Asistencias values('2019-9-2 14:50:05','MT01')
go
insert into Salida values('2019-9-2 14:50:05')
go
insert into Asistencias values('2019-9-5 09:08:02','MT01')
go
insert into Ingreso values('2019-9-5 09:08:02','T','I','T3')
go
insert into Asistencias values('2019-9-5 14:17:02','MT01')
go
insert into Salida values('2019-9-5 14:17:02')
go
insert into Asistencias values('2019-9-6 07:54:12','MT01')
go
insert into Ingreso values('2019-9-6 07:54:12','P','-','T3')
go
insert into Asistencias values('2019-9-6 13:27:12','MT01')
go
insert into Salida values('2019-9-6 13:27:12')
go
insert into Asistencias values('2019-9-7 09:37:49','MT01')
go
insert into Ingreso values('2019-9-7 09:37:49','T','I','T3')
go
insert into Asistencias values('2019-9-7 13:56:49','MT01')
go
insert into Salida values('2019-9-7 13:56:49')
go
insert into Asistencias values('2019-9-8 08:03:41','MT01')
go
insert into Ingreso values('2019-9-8 08:03:41','T','I','T3')
go
insert into Asistencias values('2019-9-8 13:39:41','MT01')
go
insert into Salida values('2019-9-8 13:39:41')
go
insert into Asistencias values('2019-9-9 08:56:01','MT01')
go
insert into Ingreso values('2019-9-9 08:56:01','T','I','T3')
go
insert into Asistencias values('2019-9-9 13:42:01','MT01')
go
insert into Salida values('2019-9-9 13:42:01')
go
insert into Asistencias values('2019-9-12 07:31:31','MT01')
go
insert into Ingreso values('2019-9-12 07:31:31','P','-','T3')
go
insert into Asistencias values('2019-9-12 14:30:31','MT01')
go
insert into Salida values('2019-9-12 14:30:31')
go
insert into Asistencias values('2019-9-13 08:55:47','MT01')
go
insert into Ingreso values('2019-9-13 08:55:47','T','I','T3')
go
insert into Asistencias values('2019-9-13 13:28:47','MT01')
go
insert into Salida values('2019-9-13 13:28:47')
go
insert into Asistencias values('2019-9-14 08:39:45','MT01')
go
insert into Ingreso values('2019-9-14 08:39:45','T','J','T3')
go
insert into Asistencias values('2019-9-14 14:59:45','MT01')
go
insert into Salida values('2019-9-14 14:59:45')
go
insert into Asistencias values('2019-9-16 08:55:28','MT01')
go
insert into Ingreso values('2019-9-16 08:55:28','T','I','T3')
go
insert into Asistencias values('2019-9-16 14:31:28','MT01')
go
insert into Salida values('2019-9-16 14:31:28')
go
insert into Asistencias values('2019-9-19 09:50:57','MT01')
go
insert into Ingreso values('2019-9-19 09:50:57','T','I','T3')
go
insert into Asistencias values('2019-9-19 14:11:57','MT01')
go
insert into Salida values('2019-9-19 14:11:57')
go
insert into Asistencias values('2019-9-20 09:54:02','MT01')
go
insert into Ingreso values('2019-9-20 09:54:02','T','I','T3')
go
insert into Asistencias values('2019-9-20 13:36:02','MT01')
go
insert into Salida values('2019-9-20 13:36:02')
go
insert into Asistencias values('2019-9-21 07:42:16','MT01')
go
insert into Ingreso values('2019-9-21 07:42:16','P','-','T3')
go
insert into Asistencias values('2019-9-21 14:37:16','MT01')
go
insert into Salida values('2019-9-21 14:37:16')
go
insert into Asistencias values('2019-9-22 08:39:53','MT01')
go
insert into Ingreso values('2019-9-22 08:39:53','T','J','T3')
go
insert into Asistencias values('2019-9-22 14:03:53','MT01')
go
insert into Salida values('2019-9-22 14:03:53')
go
insert into Asistencias values('2019-9-23 07:53:16','MT01')
go
insert into Ingreso values('2019-9-23 07:53:16','P','-','T3')
go
insert into Asistencias values('2019-9-23 13:53:16','MT01')
go
insert into Salida values('2019-9-23 13:53:16')
go
insert into Asistencias values('2019-9-26 08:27:27','MT01')
go
insert into Ingreso values('2019-9-26 08:27:27','T','I','T3')
go
insert into Asistencias values('2019-9-26 13:32:27','MT01')
go
insert into Salida values('2019-9-26 13:32:27')
go
insert into Asistencias values('2019-9-28 08:38:03','MT01')
go
insert into Ingreso values('2019-9-28 08:38:03','T','J','T3')
go
insert into Asistencias values('2019-9-28 13:23:03','MT01')
go
insert into Salida values('2019-9-28 13:23:03')
go
insert into Asistencias values('2019-10-1 09:20:18','MT01')
go
insert into Ingreso values('2019-10-1 09:20:18','T','I','T3')
go
insert into Asistencias values('2019-10-1 14:01:18','MT01')
go
insert into Salida values('2019-10-1 14:01:18')
go
insert into Asistencias values('2019-10-2 08:36:47','MT01')
go
insert into Ingreso values('2019-10-2 08:36:47','T','I','T3')
go
insert into Asistencias values('2019-10-2 13:59:47','MT01')
go
insert into Salida values('2019-10-2 13:59:47')
go
insert into Asistencias values('2019-10-4 07:14:23','MT01')
go
insert into Ingreso values('2019-10-4 07:14:23','P','-','T3')
go
insert into Asistencias values('2019-10-4 14:31:23','MT01')
go
insert into Salida values('2019-10-4 14:31:23')
go
insert into Asistencias values('2019-10-7 09:40:11','MT01')
go
insert into Ingreso values('2019-10-7 09:40:11','T','J','T3')
go
insert into Asistencias values('2019-10-7 13:03:11','MT01')
go
insert into Salida values('2019-10-7 13:03:11')
go
insert into Asistencias values('2019-10-9 08:02:35','MT01')
go
insert into Ingreso values('2019-10-9 08:02:35','T','I','T3')
go
insert into Asistencias values('2019-10-9 14:04:35','MT01')
go
insert into Salida values('2019-10-9 14:04:35')
go
insert into Asistencias values('2019-10-10 09:55:00','MT01')
go
insert into Ingreso values('2019-10-10 09:55:00','T','I','T3')
go
insert into Asistencias values('2019-10-10 14:54:00','MT01')
go
insert into Salida values('2019-10-10 14:54:00')
go
insert into Asistencias values('2019-10-11 08:24:24','MT01')
go
insert into Ingreso values('2019-10-11 08:24:24','T','J','T3')
go
insert into Asistencias values('2019-10-11 14:10:24','MT01')
go
insert into Salida values('2019-10-11 14:10:24')
go
insert into Asistencias values('2019-10-14 07:55:35','MT01')
go
insert into Ingreso values('2019-10-14 07:55:35','P','-','T3')
go
insert into Asistencias values('2019-10-14 13:32:35','MT01')
go
insert into Salida values('2019-10-14 13:32:35')
go
insert into Asistencias values('2019-10-15 08:15:03','MT01')
go
insert into Ingreso values('2019-10-15 08:15:03','T','J','T3')
go
insert into Asistencias values('2019-10-15 13:54:03','MT01')
go
insert into Salida values('2019-10-15 13:54:03')
go
insert into Asistencias values('2019-10-17 08:05:26','MT01')
go
insert into Ingreso values('2019-10-17 08:05:26','T','I','T3')
go
insert into Asistencias values('2019-10-17 14:34:26','MT01')
go
insert into Salida values('2019-10-17 14:34:26')
go
insert into Asistencias values('2019-10-18 07:52:35','MT01')
go
insert into Ingreso values('2019-10-18 07:52:35','P','-','T3')
go
insert into Asistencias values('2019-10-18 14:18:35','MT01')
go
insert into Salida values('2019-10-18 14:18:35')
go
insert into Asistencias values('2019-10-21 09:04:42','MT01')
go
insert into Ingreso values('2019-10-21 09:04:42','T','I','T3')
go
insert into Asistencias values('2019-10-21 13:02:42','MT01')
go
insert into Salida values('2019-10-21 13:02:42')
go
insert into Asistencias values('2019-10-22 08:28:14','MT01')
go
insert into Ingreso values('2019-10-22 08:28:14','T','I','T3')
go
insert into Asistencias values('2019-10-22 13:05:14','MT01')
go
insert into Salida values('2019-10-22 13:05:14')
go
insert into Asistencias values('2019-10-23 07:49:06','MT01')
go
insert into Ingreso values('2019-10-23 07:49:06','P','-','T3')
go
insert into Asistencias values('2019-10-23 14:10:06','MT01')
go
insert into Salida values('2019-10-23 14:10:06')
go
insert into Asistencias values('2019-10-24 08:46:22','MT01')
go
insert into Ingreso values('2019-10-24 08:46:22','T','J','T3')
go
insert into Asistencias values('2019-10-24 14:14:22','MT01')
go
insert into Salida values('2019-10-24 14:14:22')
go
insert into Asistencias values('2019-10-25 08:54:10','MT01')
go
insert into Ingreso values('2019-10-25 08:54:10','T','I','T3')
go
insert into Asistencias values('2019-10-25 14:01:10','MT01')
go
insert into Salida values('2019-10-25 14:01:10')
go
insert into Asistencias values('2019-10-28 07:00:50','MT01')
go
insert into Ingreso values('2019-10-28 07:00:50','P','-','T3')
go
insert into Asistencias values('2019-10-28 14:44:50','MT01')
go
insert into Salida values('2019-10-28 14:44:50')
go
insert into Asistencias values('2019-10-29 07:31:31','MT01')
go
insert into Ingreso values('2019-10-29 07:31:31','P','-','T3')
go
insert into Asistencias values('2019-10-29 13:49:31','MT01')
go
insert into Salida values('2019-10-29 13:49:31')
go
insert into Asistencias values('2019-10-31 08:37:40','MT01')
go
insert into Ingreso values('2019-10-31 08:37:40','T','J','T3')
go
insert into Asistencias values('2019-10-31 14:37:40','MT01')
go
insert into Salida values('2019-10-31 14:37:40')
go
insert into Asistencias values('2019-11-4 09:01:47','MT01')
go
insert into Ingreso values('2019-11-4 09:01:47','T','I','T3')
go
insert into Asistencias values('2019-11-4 14:45:47','MT01')
go
insert into Salida values('2019-11-4 14:45:47')
go
insert into Asistencias values('2019-11-5 09:29:12','MT01')
go
insert into Ingreso values('2019-11-5 09:29:12','T','I','T3')
go
insert into Asistencias values('2019-11-5 13:28:12','MT01')
go
insert into Salida values('2019-11-5 13:28:12')
go
insert into Asistencias values('2019-11-6 09:22:12','MT01')
go
insert into Ingreso values('2019-11-6 09:22:12','T','I','T3')
go
insert into Asistencias values('2019-11-6 14:48:12','MT01')
go
insert into Salida values('2019-11-6 14:48:12')
go
insert into Asistencias values('2019-11-7 09:11:15','MT01')
go
insert into Ingreso values('2019-11-7 09:11:15','T','I','T3')
go
insert into Asistencias values('2019-11-7 13:43:15','MT01')
go
insert into Salida values('2019-11-7 13:43:15')
go
insert into Asistencias values('2019-11-8 08:35:41','MT01')
go
insert into Ingreso values('2019-11-8 08:35:41','T','I','T3')
go
insert into Asistencias values('2019-11-8 13:32:41','MT01')
go
insert into Salida values('2019-11-8 13:32:41')
go
insert into Asistencias values('2019-11-11 09:08:06','MT01')
go
insert into Ingreso values('2019-11-11 09:08:06','T','I','T3')
go
insert into Asistencias values('2019-11-11 13:23:06','MT01')
go
insert into Salida values('2019-11-11 13:23:06')
go
insert into Asistencias values('2019-11-12 08:49:24','MT01')
go
insert into Ingreso values('2019-11-12 08:49:24','T','J','T3')
go
insert into Asistencias values('2019-11-12 14:37:24','MT01')
go
insert into Salida values('2019-11-12 14:37:24')
go
insert into Asistencias values('2019-11-13 09:21:56','MT01')
go
insert into Ingreso values('2019-11-13 09:21:56','T','I','T3')
go
insert into Asistencias values('2019-11-13 14:31:56','MT01')
go
insert into Salida values('2019-11-13 14:31:56')
go
insert into Asistencias values('2019-11-14 08:06:37','MT01')
go
insert into Ingreso values('2019-11-14 08:06:37','T','I','T3')
go
insert into Asistencias values('2019-11-14 13:02:37','MT01')
go
insert into Salida values('2019-11-14 13:02:37')
go
insert into Asistencias values('2019-11-15 09:27:05','MT01')
go
insert into Ingreso values('2019-11-15 09:27:05','T','I','T3')
go
insert into Asistencias values('2019-11-15 13:53:05','MT01')
go
insert into Salida values('2019-11-15 13:53:05')
go
insert into Asistencias values('2019-11-18 08:04:02','MT01')
go
insert into Ingreso values('2019-11-18 08:04:02','T','I','T3')
go
insert into Asistencias values('2019-11-18 13:37:02','MT01')
go
insert into Salida values('2019-11-18 13:37:02')
go
insert into Asistencias values('2019-11-19 07:20:30','MT01')
go
insert into Ingreso values('2019-11-19 07:20:30','P','-','T3')
go
insert into Asistencias values('2019-11-19 13:13:30','MT01')
go
insert into Salida values('2019-11-19 13:13:30')
go
insert into Asistencias values('2019-11-20 07:09:20','MT01')
go
insert into Ingreso values('2019-11-20 07:09:20','P','-','T3')
go
insert into Asistencias values('2019-11-20 14:50:20','MT01')
go
insert into Salida values('2019-11-20 14:50:20')
go
insert into Asistencias values('2019-11-21 07:39:53','MT01')
go
insert into Ingreso values('2019-11-21 07:39:53','P','-','T3')
go
insert into Asistencias values('2019-11-21 13:38:53','MT01')
go
insert into Salida values('2019-11-21 13:38:53')
go
insert into Asistencias values('2019-11-25 09:38:48','MT01')
go
insert into Ingreso values('2019-11-25 09:38:48','T','I','T3')
go
insert into Asistencias values('2019-11-25 14:43:48','MT01')
go
insert into Salida values('2019-11-25 14:43:48')
go
insert into Asistencias values('2019-11-26 09:18:06','MT01')
go
insert into Ingreso values('2019-11-26 09:18:06','T','J','T3')
go
insert into Asistencias values('2019-11-26 13:24:06','MT01')
go
insert into Salida values('2019-11-26 13:24:06')
go
insert into Asistencias values('2019-11-27 09:40:38','MT01')
go
insert into Ingreso values('2019-11-27 09:40:38','T','I','T3')
go
insert into Asistencias values('2019-11-27 14:03:38','MT01')
go
insert into Salida values('2019-11-27 14:03:38')
go
insert into Asistencias values('2019-11-28 08:12:29','MT01')
go
insert into Ingreso values('2019-11-28 08:12:29','T','J','T3')
go
insert into Asistencias values('2019-11-28 13:32:29','MT01')
go
insert into Salida values('2019-11-28 13:32:29')
go
insert into Asistencias values('2019-11-29 09:08:07','MT01')
go
insert into Ingreso values('2019-11-29 09:08:07','T','I','T3')
go
insert into Asistencias values('2019-11-29 14:58:07','MT01')
go
insert into Salida values('2019-11-29 14:58:07')
go
insert into Asistencias values('2019-12-3 09:07:10','MT01')
go
insert into Ingreso values('2019-12-3 09:07:10','T','I','T3')
go
insert into Asistencias values('2019-12-3 13:50:10','MT01')
go
insert into Salida values('2019-12-3 13:50:10')
go
insert into Asistencias values('2019-12-4 08:10:46','MT01')
go
insert into Ingreso values('2019-12-4 08:10:46','T','I','T3')
go
insert into Asistencias values('2019-12-4 14:25:46','MT01')
go
insert into Salida values('2019-12-4 14:25:46')
go
insert into Asistencias values('2019-12-5 09:51:21','MT01')
go
insert into Ingreso values('2019-12-5 09:51:21','T','I','T3')
go
insert into Asistencias values('2019-12-5 13:41:21','MT01')
go
insert into Salida values('2019-12-5 13:41:21')
go
insert into Asistencias values('2019-12-6 08:59:11','MT01')
go
insert into Ingreso values('2019-12-6 08:59:11','T','I','T3')
go
insert into Asistencias values('2019-12-6 14:08:11','MT01')
go
insert into Salida values('2019-12-6 14:08:11')
go
insert into Asistencias values('2019-12-9 08:19:59','MT01')
go
insert into Ingreso values('2019-12-9 08:19:59','T','I','T3')
go
insert into Asistencias values('2019-12-9 14:07:59','MT01')
go
insert into Salida values('2019-12-9 14:07:59')
go
insert into Asistencias values('2019-12-10 07:30:32','MT01')
go
insert into Ingreso values('2019-12-10 07:30:32','P','-','T3')
go
insert into Asistencias values('2019-12-10 14:35:32','MT01')
go
insert into Salida values('2019-12-10 14:35:32')
go
insert into Asistencias values('2019-12-11 07:12:42','MT01')
go
insert into Ingreso values('2019-12-11 07:12:42','P','-','T3')
go
insert into Asistencias values('2019-12-11 14:37:42','MT01')
go
insert into Salida values('2019-12-11 14:37:42')
go
insert into Asistencias values('2019-12-12 08:49:58','MT01')
go
insert into Ingreso values('2019-12-12 08:49:58','T','I','T3')
go
insert into Asistencias values('2019-12-12 14:51:58','MT01')
go
insert into Salida values('2019-12-12 14:51:58')
go
insert into Asistencias values('2019-12-13 07:08:43','MT01')
go
insert into Ingreso values('2019-12-13 07:08:43','P','-','T3')
go
insert into Asistencias values('2019-12-13 14:07:43','MT01')
go
insert into Salida values('2019-12-13 14:07:43')
go
insert into Asistencias values('2019-12-16 07:01:57','MT01')
go
insert into Ingreso values('2019-12-16 07:01:57','P','-','T3')
go
insert into Asistencias values('2019-12-16 13:30:57','MT01')
go
insert into Salida values('2019-12-16 13:30:57')
go
insert into Asistencias values('2019-12-17 09:11:35','MT01')
go
insert into Ingreso values('2019-12-17 09:11:35','T','I','T3')
go
insert into Asistencias values('2019-12-17 13:58:35','MT01')
go
insert into Salida values('2019-12-17 13:58:35')
go
insert into Asistencias values('2019-12-18 07:07:29','MT01')
go
insert into Ingreso values('2019-12-18 07:07:29','P','-','T3')
go
insert into Asistencias values('2019-12-18 14:18:29','MT01')
go
insert into Salida values('2019-12-18 14:18:29')
go
insert into Asistencias values('2019-12-19 09:08:03','MT01')
go
insert into Ingreso values('2019-12-19 09:08:03','T','J','T3')
go
insert into Asistencias values('2019-12-19 13:14:03','MT01')
go
insert into Salida values('2019-12-19 13:14:03')
go
insert into Asistencias values('2019-12-20 09:59:54','MT01')
go
insert into Ingreso values('2019-12-20 09:59:54','T','J','T3')
go
insert into Asistencias values('2019-12-20 13:16:54','MT01')
go
insert into Salida values('2019-12-20 13:16:54')
go
insert into Asistencias values('2019-12-23 08:16:57','MT01')
go
insert into Ingreso values('2019-12-23 08:16:57','T','I','T3')
go
insert into Asistencias values('2019-12-23 13:29:57','MT01')
go
insert into Salida values('2019-12-23 13:29:57')
go
insert into Asistencias values('2019-12-24 08:26:27','MT01')
go
insert into Ingreso values('2019-12-24 08:26:27','T','I','T3')
go
insert into Asistencias values('2019-12-24 14:55:27','MT01')
go
insert into Salida values('2019-12-24 14:55:27')
go
insert into Asistencias values('2019-12-26 09:50:10','MT01')
go
insert into Ingreso values('2019-12-26 09:50:10','T','I','T3')
go
insert into Asistencias values('2019-12-26 13:50:10','MT01')
go
insert into Salida values('2019-12-26 13:50:10')
go
insert into Asistencias values('2019-12-27 08:55:19','MT01')
go
insert into Ingreso values('2019-12-27 08:55:19','T','J','T3')
go
insert into Asistencias values('2019-12-27 14:31:19','MT01')
go
insert into Salida values('2019-12-27 14:31:19')
go
insert into Asistencias values('2019-12-30 07:19:36','MT01')
go
insert into Ingreso values('2019-12-30 07:19:36','P','-','T3')
go
insert into Asistencias values('2019-12-30 14:28:36','MT01')
go
insert into Salida values('2019-12-30 14:28:36')
go
insert into Asistencias values('2019-12-31 09:02:23','MT01')
go
insert into Ingreso values('2019-12-31 09:02:23','T','J','T3')
go
insert into Asistencias values('2019-12-31 14:34:23','MT01')
go
insert into Salida values('2019-12-31 14:34:23')
go
